run_id,final_pnl,fees,adverse_selection,spread_capture,forced_liquidations,k_vol,gamma,gamma_inv_scale,gamma_vol_scale,gamma_cap_factor,gamma_imb,size_base,size_min_factor,size_exp,max_inventory,order_ttl
d4e77509,-1.5650021652600117,-1.6676911887366932,-0.046793105099054204,0.24493249281599258,0,1.3,0.1,4.0,2.0,5.0,0.5,0.005,0.1,1,0.1,0.6
dd967a39,-1.5278540672006784,-1.6392914744235951,-0.048162685093255435,0.23564746648360094,0,1.3,0.1,4.0,2.0,5.0,0.5,0.005,0.1,1,0.05,0.6
bbe68511,-1.6701288883123198,-1.7676753974225587,-0.046291906450572996,0.23597371280401905,0,1.3,0.1,4.0,2.0,5.0,0.5,0.005,0.1,1,0.05,1.0
b45e2b6a,-1.6270869307263638,-1.7524372338585241,-0.04724452211429692,0.27605489554773976,0,1.3,0.1,4.0,2.0,5.0,0.5,0.005,0.1,1,0.05,0.8
02aa6bd8,-1.6571014216824551,-1.7754267764037248,-0.04586400617415813,0.26374212421125587,0,1.3,0.1,4.0,2.0,5.0,0.5,0.005,0.1,1,0.1,0.8
d7057912,-1.6272685356361762,-1.6933297471921196,-0.04676574961312342,0.2145113612073615,0,1.3,0.1,4.0,2.0,5.0,0.5,0.005,0.1,1,0.1,1.0
6bef83f3,-1.7867017842090718,-1.819979064407381,-0.0453041122980601,0.2061089379140145,0,1.3,0.1,4.0,2.0,5.0,0.5,0.005,0.1,1,0.05,0.4
d54dc622,-1.7410214009087213,-1.7976300763250828,-0.04579104579635525,0.23634361862167239,0,1.3,0.1,4.0,2.0,5.0,0.5,0.005,0.1,1,0.1,0.4
27d92871,-1.714181706223826,-1.7674897368916247,-0.04628414413349651,0.19994983960079682,0,1.3,0.1,4.0,2.0,5.0,0.5,0.005,0.1,1,0.2,1.0
ebb52c64,-1.5257198865001556,-1.654953727908531,-0.045683445053262876,0.25024071145084126,0,1.3,0.1,4.0,2.0,5.0,0.5,0.005,0.1,2,0.05,0.6
2908673e,-1.634798299144677,-1.7290789842384537,-0.043398096909659956,0.2290027853436276,0,1.3,0.1,4.0,2.0,5.0,0.5,0.005,0.1,2,0.05,0.4
3ffd6398,-1.5914096661344956,-1.7300731804062752,-0.04653672228774349,0.28156625313558353,0,1.3,0.1,4.0,2.0,5.0,0.5,0.005,0.1,1,0.2,0.8
ce219e80,-1.7027917306186282,-1.776920011518768,-0.048867006866968696,0.21957390360646759,0,1.3,0.1,4.0,2.0,5.0,0.5,0.005,0.1,2,0.05,1.0
dc1f071a,-1.6657172693012399,-1.7633938584934352,-0.047384985603050954,0.2589381674361902,0,1.3,0.1,4.0,2.0,5.0,0.5,0.005,0.1,1,0.2,0.6
a35659d5,-1.7449347995006974,-1.801367386854197,-0.045846793777182225,0.22977553437497344,0,1.3,0.1,4.0,2.0,5.0,0.5,0.005,0.1,1,0.2,0.4
26c36d88,-1.6209068476764514,-1.745324908819153,-0.049879897360954516,0.28524969127559685,0,1.3,0.1,4.0,2.0,5.0,0.5,0.005,0.1,2,0.05,0.8
939bdb82,-1.751103235723349,-1.794451998222477,-0.047728053120227466,0.21674910371797734,0,1.3,0.1,4.0,2.0,5.0,0.5,0.005,0.1,2,0.1,0.6
d37b0d2d,-1.7969861668643716,-1.8083227014766694,-0.04556106371244074,0.19096385536939792,0,1.3,0.1,4.0,2.0,5.0,0.5,0.005,0.1,2,0.1,0.4
d70b56af,-1.6818954381651565,-1.7673616251920088,-0.046307362800263444,0.22989253214158614,0,1.3,0.1,4.0,2.0,5.0,0.5,0.005,0.1,2,0.1,0.8
f745140d,-1.6636028306402295,-1.7731127768814436,-0.04936720026121283,0.2535530592493119,0,1.3,0.1,4.0,2.0,5.0,0.5,0.005,0.1,2,0.1,1.0
df1364a3,-1.7483506492462766,-1.8210215138970969,-0.04661645555037988,0.2542709732099122,0,1.3,0.1,4.0,2.0,5.0,0.5,0.005,0.1,2,0.2,0.4
fb8be887,-1.6122888352747395,-1.703393651379195,-0.04880996313547893,0.22271237646369985,0,1.3,0.1,4.0,2.0,5.0,0.5,0.005,0.1,2,0.2,0.6
aea8a488,-1.6373115047626925,-1.719902145448054,-0.045882776188524946,0.2221705361127177,0,1.3,0.1,4.0,2.0,5.0,0.5,0.005,0.1,2,0.2,0.8
d9c6b37a,-1.705623237457985,-1.775135346470259,-0.04918678660864333,0.22011259735894537,0,1.3,0.1,4.0,2.0,5.0,0.5,0.005,0.1,2,0.2,1.0
092a871d,-1.6187199597334256,-1.7432992631512136,-0.04708394744357137,0.26260291955052917,0,1.3,0.1,4.0,2.0,5.0,0.5,0.005,0.1,3,0.05,0.6
ee074207,-1.6900646999438322,-1.7833753248594422,-0.04884223530057659,0.26428194029051066,0,1.3,0.1,4.0,2.0,5.0,0.5,0.005,0.1,3,0.05,1.0
ff93edeb,-1.7591963770555594,-1.8378328147836416,-0.04746399529977769,0.25944801494047837,0,1.3,0.1,4.0,2.0,5.0,0.5,0.005,0.1,3,0.05,0.4
edea11bc,-1.6438058315470698,-1.7582711436243836,-0.0475534156522813,0.2721346074687156,0,1.3,0.1,4.0,2.0,5.0,0.5,0.005,0.1,3,0.05,0.8
ad47e111,-1.5831117377456394,-1.6942498036052498,-0.045094574005443346,0.25803357026997514,0,1.3,0.1,4.0,2.0,5.0,0.5,0.005,0.1,3,0.1,0.4
9d5c6694,-1.649053908438873,-1.763642541447392,-0.04469168595582156,0.2738783628528024,0,1.3,0.1,4.0,2.0,5.0,0.5,0.005,0.1,3,0.1,0.6
a618e4e4,-1.633164381100869,-1.757737805252377,-0.04563014882788242,0.2719017278931154,0,1.3,0.1,4.0,2.0,5.0,0.5,0.005,0.1,3,0.1,0.8
10544c47,-1.674819853697045,-1.7615918616951072,-0.047037792006180745,0.23259668576724726,0,1.3,0.1,4.0,2.0,5.0,0.5,0.005,0.1,3,0.1,1.0
18e31b0f,-1.8238980866317434,-1.8388409866304742,-0.05015347679692836,0.20558765323329317,0,1.3,0.1,4.0,2.0,5.0,0.5,0.005,0.1,3,0.2,0.4
10cb5f05,-1.6363508457598073,-1.6864055023018156,-0.04848930600662032,0.19049021639005403,0,1.3,0.1,4.0,2.0,5.0,0.5,0.005,0.1,3,0.2,0.6
866784ca,-1.7544218132352398,-1.8106931525145282,-0.04932908700307302,0.22981414190090046,0,1.3,0.1,4.0,2.0,5.0,0.5,0.005,0.1,3,0.2,0.8
842d2a1f,-1.6575658424644644,-1.7562812760693356,-0.04638798239612285,0.2435085122513741,0,1.3,0.1,4.0,2.0,5.0,0.5,0.005,0.1,3,0.2,1.0
2e7d4dc7,-1.5687338754960365,-1.708437483563957,-0.048643271509855174,0.28814258329977277,0,1.3,0.1,4.0,2.0,5.0,0.5,0.005,0.2,1,0.05,0.6
1798bef0,-1.7050881762479548,-1.7814480176972107,-0.04878540486074191,0.2635909387046058,0,1.3,0.1,4.0,2.0,5.0,0.5,0.005,0.2,1,0.05,0.4
bbb2d0e0,-1.6685496324025735,-1.751837548920852,-0.04693206999530396,0.22995318742442855,0,1.3,0.1,4.0,2.0,5.0,0.5,0.005,0.2,1,0.05,1.0
e65aeb77,-1.782417320931927,-1.8030677587175967,-0.0473828575185502,0.20703638839272634,0,1.3,0.1,4.0,2.0,5.0,0.5,0.005,0.2,1,0.05,0.8
bd08006b,-1.599136132554122,-1.68617815404595,-0.04710959919699606,0.23134605376579334,0,1.3,0.1,4.0,2.0,5.0,0.5,0.005,0.2,1,0.1,0.6
1e58bd1d,-1.6563628782896558,-1.749722291563986,-0.04713800021489362,0.2395911951889693,0,1.3,0.1,4.0,2.0,5.0,0.5,0.005,0.2,1,0.1,0.8
9d5ca9e0,-1.629480059073103,-1.75851454907493,-0.04659094542320655,0.30615621183813657,0,1.3,0.1,4.0,2.0,5.0,0.5,0.005,0.2,1,0.1,0.4
4b495b09,-1.7087536548915523,-1.824788745698391,-0.04950044980111407,0.29639530456821517,0,1.3,0.1,4.0,2.0,5.0,0.5,0.005,0.2,1,0.1,1.0
d81cdb2d,-1.7674514360733156,-1.8240720527779357,-0.047822093445113505,0.23878974030948538,0,1.3,0.1,4.0,2.0,5.0,0.5,0.005,0.2,1,0.2,0.4
72531e77,-1.6038061208873842,-1.6852913698288512,-0.046112802624266286,0.21376558268328721,0,1.3,0.1,4.0,2.0,5.0,0.5,0.005,0.2,1,0.2,0.6
53eab3b3,-1.639879506717989,-1.7565279426084508,-0.047443858505955186,0.2575842678860686,0,1.3,0.1,4.0,2.0,5.0,0.5,0.005,0.2,1,0.2,0.8
9ac799c2,-1.7264143429729302,-1.7940669748964513,-0.049037470807849794,0.23989167127690178,0,1.3,0.1,4.0,2.0,5.0,0.5,0.005,0.2,1,0.2,1.0
2c3ab6ef,-1.5366223780783912,-1.6686524691845144,-0.05068933753692566,0.26514907633572127,0,1.3,0.1,4.0,2.0,5.0,0.5,0.005,0.2,2,0.05,0.6
52827558,-1.6679539212818781,-1.7554817161143454,-0.04876957456471914,0.23215463090199095,0,1.3,0.1,4.0,2.0,5.0,0.5,0.005,0.2,2,0.05,0.8
4c09aeea,-1.72503725297247,-1.747398096183124,-0.04724274033872113,0.19577223721096498,0,1.3,0.1,4.0,2.0,5.0,0.5,0.005,0.2,2,0.05,0.4
54da3e69,-1.7068664246744447,-1.7852066873383903,-0.04848548277128658,0.21972466164591772,0,1.3,0.1,4.0,2.0,5.0,0.5,0.005,0.2,2,0.1,0.8
7a068c68,-1.6374893633310421,-1.7359575162722174,-0.04607569423249254,0.2223367548016532,0,1.3,0.1,4.0,2.0,5.0,0.5,0.005,0.2,2,0.1,0.6
221c8ca8,-1.6211573050368315,-1.7180240228389239,-0.045320427972679767,0.24108896649391848,0,1.3,0.1,4.0,2.0,5.0,0.5,0.005,0.2,2,0.05,1.0
2b2c22d0,-1.7168865267994988,-1.8137516241390512,-0.04797587705793725,0.27553650640626887,0,1.3,0.1,4.0,2.0,5.0,0.5,0.005,0.2,2,0.1,0.4
2dac6ef2,-1.6557759812276345,-1.6863137825076853,-0.049178220725079366,0.18548301969984107,0,1.3,0.1,4.0,2.0,5.0,0.5,0.005,0.2,2,0.1,1.0
407de2d5,-1.5631600181459362,-1.6618142632262405,-0.04679553370583172,0.23865894517718225,0,1.3,0.1,4.0,2.0,5.0,0.5,0.005,0.2,2,0.2,0.6
f8e17070,-1.6549086078539403,-1.7407693777564592,-0.047245761057772374,0.22059916621728862,0,1.3,0.1,4.0,2.0,5.0,0.5,0.005,0.2,2,0.2,0.8
9ccd3bb2,-1.7869969380590192,-1.7897050113284056,-0.047849471343105174,0.17727859436813295,0,1.3,0.1,4.0,2.0,5.0,0.5,0.005,0.2,2,0.2,0.4
4eae488f,-1.7483098641805555,-1.8051731090539513,-0.04789818735395953,0.2301607498254225,0,1.3,0.1,4.0,2.0,5.0,0.5,0.005,0.2,3,0.05,0.4
0cbf9362,-1.6600043973685388,-1.7215524963814974,-0.04608456669595537,0.19832962575190854,0,1.3,0.1,4.0,2.0,5.0,0.5,0.005,0.2,2,0.2,1.0
710b1460,-1.7159400774835376,-1.8090313153620927,-0.04505621290137623,0.26664586785298405,0,1.3,0.1,4.0,2.0,5.0,0.5,0.005,0.2,3,0.05,0.6
28d55b41,-1.7494464158953633,-1.806307584670075,-0.04635145321529656,0.23409033138262778,0,1.3,0.1,4.0,2.0,5.0,0.5,0.005,0.2,3,0.05,0.8
0c9479ab,-1.613079214363097,-1.7245920396601957,-0.043487600879200144,0.2582549632301833,0,1.3,0.1,4.0,2.0,5.0,0.5,0.005,0.2,3,0.05,1.0
69983937,-1.6459860131144524,-1.7307138717525141,-0.04933131794203095,0.22514112139263825,0,1.3,0.1,4.0,2.0,5.0,0.5,0.005,0.2,3,0.1,0.6
10ebab00,-1.7579271449176304,-1.8163385904676577,-0.047624587979168166,0.23971074554013475,0,1.3,0.1,4.0,2.0,5.0,0.5,0.005,0.2,3,0.1,0.4
6d24c8e6,-1.6154189947137638,-1.7140792535218898,-0.04730035224679777,0.24338492562994038,0,1.3,0.1,4.0,2.0,5.0,0.5,0.005,0.2,3,0.1,1.0
aac5955b,-1.647375485752491,-1.7494692998399801,-0.04748273449559584,0.2466434674689502,0,1.3,0.1,4.0,2.0,5.0,0.5,0.005,0.2,3,0.1,0.8
4dc82c4e,-1.7538207519955904,-1.8023543348463216,-0.04536604862458881,0.22508245699107793,0,1.3,0.1,4.0,2.0,5.0,0.5,0.005,0.2,3,0.2,0.4
83eba8cd,-1.5444701040214568,-1.6488447271798283,-0.04859659250756508,0.2190560543692997,0,1.3,0.1,4.0,2.0,5.0,0.5,0.005,0.2,3,0.2,0.6
8224cc9c,-1.6704642937274912,-1.7821577217032858,-0.05106842650015479,0.2632197717661317,0,1.3,0.1,4.0,2.0,5.0,0.5,0.005,0.2,3,0.2,0.8
21b06248,-1.5782262693519442,-1.681222644792145,-0.04764298476287777,0.2563573850297229,0,1.3,0.1,4.0,2.0,5.0,0.5,0.005,0.2,3,0.2,1.0
e9c19916,-1.5921186728592147,-1.7094532988881919,-0.048880542912823406,0.270320593336103,0,1.3,0.1,4.0,2.0,5.0,0.5,0.005,0.3,1,0.05,0.6
22f37e1a,-1.7203059377443424,-1.8262428756956637,-0.04760041039509374,0.278062599019934,0,1.3,0.1,4.0,2.0,5.0,0.5,0.005,0.3,1,0.05,0.4
76bf1b77,-1.5552526740011672,-1.7112512859313072,-0.046946429460595435,0.28293619795082314,0,1.3,0.1,4.0,2.0,5.0,0.5,0.005,0.3,1,0.05,1.0
a7c8a8bc,-1.8221437691427127,-1.8495454494011014,-0.04859565909414699,0.2086227638215732,0,1.3,0.1,4.0,2.0,5.0,0.5,0.005,0.3,1,0.05,0.8
acf37e11,-1.6253319933257444,-1.7536020669919852,-0.04880573527492094,0.2676323471920647,0,1.3,0.1,4.0,2.0,5.0,0.5,0.005,0.3,1,0.1,1.0
77cff27f,-1.546102510397759,-1.689758914976195,-0.049835593012787165,0.2988645460624987,0,1.3,0.1,4.0,2.0,5.0,0.5,0.005,0.3,1,0.1,0.8
e32b216e,-1.6756157324361993,-1.8093135819520356,-0.04690868909661716,0.3116463067039032,0,1.3,0.1,4.0,2.0,5.0,0.5,0.005,0.3,1,0.1,0.4
b624a0a1,-1.5919622518431424,-1.6792897043625505,-0.04797285585862582,0.2335744448105323,0,1.3,0.1,4.0,2.0,5.0,0.5,0.005,0.3,1,0.1,0.6
b57e529f,-1.6375227686803555,-1.704609800477997,-0.04989754371160907,0.21016493436390066,0,1.3,0.1,4.0,2.0,5.0,0.5,0.005,0.3,1,0.2,0.6
d17c78f4,-1.7200060101004055,-1.7960163737773833,-0.04547173477900451,0.2526545138594698,0,1.3,0.1,4.0,2.0,5.0,0.5,0.005,0.3,1,0.2,0.4
58f12268,-1.778268964317249,-1.7953576796843824,-0.0482739677780643,0.1955359424285944,0,1.3,0.1,4.0,2.0,5.0,0.5,0.005,0.3,1,0.2,1.0
c8f4c831,-1.7595820722326607,-1.818861392487906,-0.044307934802351366,0.23354344821636935,0,1.3,0.1,4.0,2.0,5.0,0.5,0.005,0.3,1,0.2,0.8
6431bf12,-1.7158396743216144,-1.7543727868879488,-0.04950593840217494,0.18865343250250532,0,1.3,0.1,4.0,2.0,5.0,0.5,0.005,0.3,2,0.05,0.8
f4986cfa,-1.6070320426260878,-1.7023767141528559,-0.050191806333191404,0.24738496905022145,0,1.3,0.1,4.0,2.0,5.0,0.5,0.005,0.3,2,0.05,1.0
0d8d6497,-1.5555913208809216,-1.6576329109854642,-0.048051279694652296,0.21702545978357984,0,1.3,0.1,4.0,2.0,5.0,0.5,0.005,0.3,2,0.05,0.6
89ed3fe3,-1.8016066918335127,-1.846905222331431,-0.05036287212281441,0.23909428900189356,0,1.3,0.1,4.0,2.0,5.0,0.5,0.005,0.3,2,0.05,0.4
02ae356e,-1.7432986278890894,-1.8093675338752075,-0.05080460895648454,0.2584058607373544,0,1.3,0.1,4.0,2.0,5.0,0.5,0.005,0.3,2,0.1,0.4
1f2fba7e,-1.5349119422990043,-1.6766171239253962,-0.04633611162390728,0.2769621746406236,0,1.3,0.1,4.0,2.0,5.0,0.5,0.005,0.3,2,0.1,0.6
e1d03cd2,-1.6007337335504417,-1.7002250252019027,-0.04988983054819545,0.23761615583467113,0,1.3,0.1,4.0,2.0,5.0,0.5,0.005,0.3,2,0.1,1.0
53a405a5,-1.6697713000758085,-1.7473826332421218,-0.046611577529760514,0.2215858737481748,0,1.3,0.1,4.0,2.0,5.0,0.5,0.005,0.3,2,0.1,0.8
fcc1fdfe,-1.604820207976445,-1.7259625556574139,-0.04762139085262852,0.2679722595346987,0,1.3,0.1,4.0,2.0,5.0,0.5,0.005,0.3,2,0.2,0.8
88604ec3,-1.6072864291545557,-1.6996834452325704,-0.045038595235938665,0.23770777887485345,0,1.3,0.1,4.0,2.0,5.0,0.5,0.005,0.3,2,0.2,0.6
2214d100,-1.6403792155178962,-1.7444429356028934,-0.04966016723880243,0.25289874604722307,0,1.3,0.1,4.0,2.0,5.0,0.5,0.005,0.3,2,0.2,1.0
8ee9a86f,-1.7210268686521886,-1.790555157184054,-0.04943614472939008,0.23043300473953954,0,1.3,0.1,4.0,2.0,5.0,0.5,0.005,0.3,2,0.2,0.4
c79ba907,-1.7122719866929401,-1.778104070347922,-0.048306285901762856,0.24517673057456502,0,1.3,0.1,4.0,2.0,5.0,0.5,0.005,0.3,3,0.05,0.4
e9fb0c54,-1.7160793554394331,-1.7825520200189684,-0.04783852695364862,0.2331141786811188,0,1.3,0.1,4.0,2.0,5.0,0.5,0.005,0.3,3,0.05,1.0
835171f2,-1.6161665460440418,-1.7036077619704606,-0.04673583296483594,0.235989338805558,0,1.3,0.1,4.0,2.0,5.0,0.5,0.005,0.3,3,0.05,0.8
a02a458c,-1.5699611882009776,-1.710230171161176,-0.0495576644711807,0.2750103512916958,0,1.3,0.1,4.0,2.0,5.0,0.5,0.005,0.3,3,0.05,0.6
b25db7db,-1.6660498045857821,-1.740173169638312,-0.04372612642987188,0.24518560784013624,0,1.3,0.1,4.0,2.0,5.0,0.5,0.005,0.3,3,0.1,0.4
09389b69,-1.576390621434257,-1.7042318715217226,-0.04973893893533572,0.2678625806417857,0,1.3,0.1,4.0,2.0,5.0,0.5,0.005,0.3,3,0.1,0.6
5faa26f1,-1.573373404738959,-1.710607843095862,-0.04879873461264492,0.28601433045215424,0,1.3,0.1,4.0,2.0,5.0,0.5,0.005,0.3,3,0.1,1.0
79e93078,-1.6955026587602333,-1.7765325957863372,-0.050600206408452045,0.23232978052425926,0,1.3,0.1,4.0,2.0,5.0,0.5,0.005,0.3,3,0.1,0.8
429754c7,-1.6602001968567492,-1.7346303872091202,-0.045100018204506855,0.21776566034685,0,1.3,0.1,4.0,2.0,5.0,0.5,0.005,0.3,3,0.2,0.8
5fa3e7e8,-1.535858527298842,-1.6585707504469367,-0.04696556887636277,0.26442015001109925,0,1.3,0.1,4.0,2.0,5.0,0.5,0.005,0.3,3,0.2,0.6
3f9a5d38,-1.7979929245793755,-1.8075741652477286,-0.046685725255736645,0.18747095556140025,0,1.3,0.1,4.0,2.0,5.0,0.5,0.005,0.3,3,0.2,0.4
18a6740e,-1.734791191178374,-1.781074746271817,-0.04749123357886556,0.22929050362465817,0,1.3,0.1,4.0,2.0,5.0,0.5,0.005,0.3,3,0.2,1.0
9d83e67d,-3.4195416709262645,-3.515734281313414,-0.09370973707245174,0.4143773917208655,0,1.3,0.1,4.0,2.0,5.0,0.5,0.01,0.1,1,0.05,0.6
68c14b38,-3.5272743188834284,-3.684777909313444,-0.09572946229572118,0.5203996716000786,0,1.3,0.1,4.0,2.0,5.0,0.5,0.01,0.1,1,0.05,1.0
19c325a6,-3.6305055812063074,-3.6469727756535857,-0.09748823033621586,0.37106562530353754,0,1.3,0.1,4.0,2.0,5.0,0.5,0.01,0.1,1,0.05,0.8
8d01bce0,-3.5056968642129505,-3.613000984957047,-0.11528113570266646,0.4936484086074933,1,1.3,0.1,4.0,2.0,5.0,0.5,0.01,0.1,1,0.05,0.4
f864ddb9,-3.369686796107999,-3.5399079297694973,-0.09557696829076692,0.4908696794099176,0,1.3,0.1,4.0,2.0,5.0,0.5,0.01,0.1,1,0.1,0.6
4f23cc35,-3.3419074323173845,-3.5370760587423096,-0.09212279887208374,0.5019925023019662,0,1.3,0.1,4.0,2.0,5.0,0.5,0.01,0.1,1,0.1,1.0
33af1201,-3.5325197129277512,-3.673796627039507,-0.10489645914005097,0.5382984656867271,0,1.3,0.1,4.0,2.0,5.0,0.5,0.01,0.1,1,0.1,0.8
4b19bd3f,-3.4614685887718224,-3.5884662527825237,-0.09038297744782853,0.5000987235532044,0,1.3,0.1,4.0,2.0,5.0,0.5,0.01,0.1,1,0.1,0.4
96e88059,-3.3716541096964647,-3.553985854552995,-0.09488956545562957,0.5294236491681998,0,1.3,0.1,4.0,2.0,5.0,0.5,0.01,0.1,1,0.2,0.6
eb65c043,-3.382689120429859,-3.623668402733889,-0.09184430218380281,0.5873237157994392,0,1.3,0.1,4.0,2.0,5.0,0.5,0.01,0.1,1,0.2,0.4
7d745ba4,-3.013010116199439,-3.313902954440499,-0.08848726260517176,0.5400996264923437,0,1.3,0.1,4.0,2.0,5.0,0.5,0.01,0.1,1,0.2,0.8
05754080,-3.4289235311716766,-3.598451234124405,-0.09699822224933306,0.5186927435625989,0,1.3,0.1,4.0,2.0,5.0,0.5,0.01,0.1,1,0.2,1.0
faa37f0e,-3.439646931097741,-3.4917716782336607,-0.0911929189623403,0.38758245807701863,0,1.3,0.1,4.0,2.0,5.0,0.5,0.01,0.1,2,0.05,0.6
65e3ea8c,-3.663661795455482,-3.6889907513589746,-0.09161052155389748,0.4078042049038298,0,1.3,0.1,4.0,2.0,5.0,0.5,0.01,0.1,2,0.05,1.0
9a2673bc,-3.2046798819992546,-3.463970284763616,-0.09564937471181334,0.53951228581691,0,1.3,0.1,4.0,2.0,5.0,0.5,0.01,0.1,2,0.05,0.8
43756178,-3.1085557151964167,-3.29100968297618,-0.09252884044813423,0.42625463361823623,0,1.3,0.1,4.0,2.0,5.0,0.5,0.01,0.1,2,0.1,0.6
b3a2ffb7,-3.522490800214655,-3.6383088365514684,-0.11481434802763124,0.4974633736592905,1,1.3,0.1,4.0,2.0,5.0,0.5,0.01,0.1,2,0.05,0.4
69225ce1,-3.616915597320258,-3.62286862179948,-0.09760105286587413,0.3741041522012865,0,1.3,0.1,4.0,2.0,5.0,0.5,0.01,0.1,2,0.1,0.4
509f5564,-3.4288079742837,-3.64751778561648,-0.10034839586770102,0.5807680271746778,0,1.3,0.1,4.0,2.0,5.0,0.5,0.01,0.1,2,0.1,0.8
cea662fd,-3.519842182589855,-3.5703480757695663,-0.09329913773243362,0.4144071127680395,0,1.3,0.1,4.0,2.0,5.0,0.5,0.01,0.1,2,0.1,1.0
eb2ce4a2,-3.5412637042754795,-3.692498380398339,-0.09785399499200821,0.5153773785236858,0,1.3,0.1,4.0,2.0,5.0,0.5,0.01,0.1,2,0.2,0.8
bb45e537,-3.554413927751739,-3.623395158487469,-0.09907360816435289,0.44085119454502175,0,1.3,0.1,4.0,2.0,5.0,0.5,0.01,0.1,2,0.2,0.4
96ad8af6,-3.457050665489078,-3.596444559376885,-0.09541985550444584,0.5050314122628728,0,1.3,0.1,4.0,2.0,5.0,0.5,0.01,0.1,2,0.2,1.0
b7b72cd3,-3.2903656009511906,-3.473349961254907,-0.09678017120814594,0.4949014134054031,0,1.3,0.1,4.0,2.0,5.0,0.5,0.01,0.1,2,0.2,0.6
45362e2d,-3.6073204531294323,-3.6546245835013322,-0.1547998315267033,0.4840468035818546,1,1.3,0.1,4.0,2.0,5.0,0.5,0.01,0.1,3,0.05,0.4
2a52d100,-3.0898359963975963,-3.317727473750972,-0.097171635795412,0.5152384292268994,0,1.3,0.1,4.0,2.0,5.0,0.5,0.01,0.1,3,0.05,0.6
af012104,-3.284568738139569,-3.4582480707017744,-0.09835168078013333,0.45051558789791296,0,1.3,0.1,4.0,2.0,5.0,0.5,0.01,0.1,3,0.05,0.8
87f6110d,-3.481208611277907,-3.561723975671703,-0.09587143173970317,0.44684266071597356,0,1.3,0.1,4.0,2.0,5.0,0.5,0.01,0.1,3,0.05,1.0
86333cf8,-3.582213675552339,-3.6168745216718117,-0.09676781145721101,0.42586522420146733,0,1.3,0.1,4.0,2.0,5.0,0.5,0.01,0.1,3,0.1,0.4
006436c6,-3.4601999232654634,-3.6080319078696323,-0.09539566308257592,0.4904136512891964,0,1.3,0.1,4.0,2.0,5.0,0.5,0.01,0.1,3,0.1,0.8
3ea0b6ce,-3.552597487512685,-3.642929098783895,-0.09764291838886575,0.4714512691486232,0,1.3,0.1,4.0,2.0,5.0,0.5,0.01,0.1,3,0.1,0.6
869ae7f8,-3.448203183210353,-3.5057562916757834,-0.0953488994315382,0.39438567628150334,0,1.3,0.1,4.0,2.0,5.0,0.5,0.01,0.1,3,0.2,0.8
08a79cde,-3.467965107753116,-3.594046649861225,-0.09796515829236238,0.5136119302126955,0,1.3,0.1,4.0,2.0,5.0,0.5,0.01,0.1,3,0.2,0.4
957b15f2,-3.490094043672798,-3.675066166812351,-0.09605144023138254,0.5577372381599108,0,1.3,0.1,4.0,2.0,5.0,0.5,0.01,0.1,3,0.1,1.0
b7208271,-3.500948657787376,-3.6118820413975703,-0.09394420299850509,0.4622657513807493,0,1.3,0.1,4.0,2.0,5.0,0.5,0.01,0.1,3,0.2,0.6
35da483a,-3.5914526915421447,-3.6116903267508604,-0.10118230968644923,0.40113034216644206,0,1.3,0.1,4.0,2.0,5.0,0.5,0.01,0.1,3,0.2,1.0
5f35c3de,-3.4828802720257954,-3.654406210434842,-0.09474857638166986,0.5196967906834493,1,1.3,0.1,4.0,2.0,5.0,0.5,0.01,0.2,1,0.05,0.8
6b2b3019,-3.3197164801276813,-3.5521402239546003,-0.09388792787863615,0.5678478116470858,0,1.3,0.1,4.0,2.0,5.0,0.5,0.01,0.2,1,0.05,0.6
037ec4be,-3.484285588199782,-3.660714360467537,-0.0977410542423689,0.5468404035327339,0,1.3,0.1,4.0,2.0,5.0,0.5,0.01,0.2,1,0.05,1.0
9232fbe6,-3.7354120707550464,-3.7289691243346264,-0.13284031372485697,0.4383627555325655,1,1.3,0.1,4.0,2.0,5.0,0.5,0.01,0.2,1,0.05,0.4
a1514177,-3.466064999205628,-3.6311775762034753,-0.09875703709471358,0.5052947321198713,0,1.3,0.1,4.0,2.0,5.0,0.5,0.01,0.2,1,0.1,0.8
89b60747,-3.397352412579494,-3.5011689002396715,-0.08849444036792878,0.39059150683608973,0,1.3,0.1,4.0,2.0,5.0,0.5,0.01,0.2,1,0.1,1.0
0c830a3d,-3.7294231221949303,-3.7299677179700175,-0.09487087249964678,0.4161518431595865,0,1.3,0.1,4.0,2.0,5.0,0.5,0.01,0.2,1,0.1,0.4
e32aa652,-3.5212053096875024,-3.63040545593472,-0.09782857111999971,0.49356298325932785,0,1.3,0.1,4.0,2.0,5.0,0.5,0.01,0.2,1,0.1,0.6
da266e20,-3.571684884336719,-3.6633171423388564,-0.09193767735218927,0.4745361588856452,0,1.3,0.1,4.0,2.0,5.0,0.5,0.01,0.2,1,0.2,0.4
6777c58f,-3.2444212917107507,-3.412985751859002,-0.09850967054477251,0.4758878796087643,0,1.3,0.1,4.0,2.0,5.0,0.5,0.01,0.2,1,0.2,0.6
370ac7f0,-3.4759550966518873,-3.6338720796290773,-0.1014941807362905,0.5303125499020763,0,1.3,0.1,4.0,2.0,5.0,0.5,0.01,0.2,1,0.2,0.8
7bbb2304,-3.2585350876779557,-3.459308716106247,-0.09554275795288085,0.5439212742093299,0,1.3,0.1,4.0,2.0,5.0,0.5,0.01,0.2,2,0.05,0.6
da14759a,-3.6463196724507725,-3.795166179798405,-0.09172481880645252,0.554969382793202,0,1.3,0.1,4.0,2.0,5.0,0.5,0.01,0.2,1,0.2,1.0
f20a2cb8,-3.4163710871489457,-3.603923955661697,-0.0949096426078165,0.49030065737877493,0,1.3,0.1,4.0,2.0,5.0,0.5,0.01,0.2,2,0.05,0.8
4ca5a826,-3.7403078044862923,-3.72251804946016,-0.12753346632359047,0.3820737865456577,1,1.3,0.1,4.0,2.0,5.0,0.5,0.01,0.2,2,0.05,0.4
3a479f4e,-3.3562110628427035,-3.498059630724156,-0.09042473957007459,0.4420063807549033,0,1.3,0.1,4.0,2.0,5.0,0.5,0.01,0.2,2,0.05,1.0
54b9cf18,-3.4070216614454694,-3.5789380482291797,-0.09687384724598286,0.5109363185853203,0,1.3,0.1,4.0,2.0,5.0,0.5,0.01,0.2,2,0.1,0.6
dcf0e1ed,-3.4953158959342545,-3.662771755558257,-0.09815021951087242,0.5214997262520144,0,1.3,0.1,4.0,2.0,5.0,0.5,0.01,0.2,2,0.1,0.8
12df9e50,-3.614344860330675,-3.6874179902154416,-0.09289617078422463,0.43973618197756786,0,1.3,0.1,4.0,2.0,5.0,0.5,0.01,0.2,2,0.1,0.4
12158aca,-3.333623051779796,-3.5385379287748338,-0.0948870227604804,0.49350909779027163,0,1.3,0.1,4.0,2.0,5.0,0.5,0.01,0.2,2,0.1,1.0
d72f2fc8,-3.375772640636569,-3.460654866637911,-0.09790967640175029,0.4059030661248246,0,1.3,0.1,4.0,2.0,5.0,0.5,0.01,0.2,2,0.2,0.6
ad3503ce,-3.22657077639451,-3.542053026051254,-0.09298907724877467,0.6119573501874659,0,1.3,0.1,4.0,2.0,5.0,0.5,0.01,0.2,2,0.2,1.0
5dae4552,-3.4965862634890073,-3.604158582942001,-0.09898852301249098,0.4583606779445063,0,1.3,0.1,4.0,2.0,5.0,0.5,0.01,0.2,2,0.2,0.8
fb9341c7,-3.5053512777158176,-3.572209611551739,-0.09415036057723179,0.4224610930462584,0,1.3,0.1,4.0,2.0,5.0,0.5,0.01,0.2,2,0.2,0.4
bd410b37,-3.4567734768534137,-3.5260143656233494,-0.09703898687135828,0.44929245989475325,0,1.3,0.1,4.0,2.0,5.0,0.5,0.01,0.2,3,0.05,0.6
7be4b6bf,-3.4670542977200967,-3.6310875679664814,-0.11213110507941888,0.5302967969588565,1,1.3,0.1,4.0,2.0,5.0,0.5,0.01,0.2,3,0.05,0.4
25c92975,-3.5292144596387516,-3.6200226402208084,-0.09760181931036356,0.4376393966895176,0,1.3,0.1,4.0,2.0,5.0,0.5,0.01,0.2,3,0.05,1.0
7e6a5869,-3.633556723996662,-3.711014027843779,-0.1345344440773866,0.49712796538332943,2,1.3,0.1,4.0,2.0,5.0,0.5,0.01,0.2,3,0.05,0.8
f54abd1e,-3.4312861046892067,-3.5166783094189173,-0.0968660728737078,0.40734364457350686,0,1.3,0.1,4.0,2.0,5.0,0.5,0.01,0.2,3,0.1,0.8
da657e03,-3.3023322361623286,-3.364321642106736,-0.10037705662764483,0.3929757050752955,0,1.3,0.1,4.0,2.0,5.0,0.5,0.01,0.2,3,0.1,0.6
018ffe76,-3.5510975836023135,-3.590384609772678,-0.0930995268382868,0.39506972498159776,0,1.3,0.1,4.0,2.0,5.0,0.5,0.01,0.2,3,0.1,0.4
480b85d2,-3.537582044953524,-3.6601197168887634,-0.10320159093094529,0.4613858415554331,0,1.3,0.1,4.0,2.0,5.0,0.5,0.01,0.2,3,0.1,1.0
93bc99f7,-3.354268313443754,-3.578689330971503,-0.09281653998100395,0.5743278062020358,0,1.3,0.1,4.0,2.0,5.0,0.5,0.01,0.2,3,0.2,0.6
39e0ae95,-3.5398851306017605,-3.6733970747494693,-0.09740311314965865,0.5014916208236591,0,1.3,0.1,4.0,2.0,5.0,0.5,0.01,0.2,3,0.2,0.4
33c73180,-3.1030686957692524,-3.365663932551709,-0.09292270656855783,0.5429996974067479,0,1.3,0.1,4.0,2.0,5.0,0.5,0.01,0.2,3,0.2,1.0
b5bef8e7,-3.241307703217899,-3.4313552906545177,-0.08925833635955796,0.4724001438710896,0,1.3,0.1,4.0,2.0,5.0,0.5,0.01,0.2,3,0.2,0.8
7e795638,-3.582642553261394,-3.6713012452533387,-0.09391167003651316,0.44339839557659255,0,1.3,0.1,4.0,2.0,5.0,0.5,0.01,0.3,1,0.05,0.6
57452bac,-3.5911171707630274,-3.642473510494921,-0.09221351750138937,0.42070956921442754,0,1.3,0.1,4.0,2.0,5.0,0.5,0.01,0.3,1,0.05,0.8
4cdfe0cd,-3.621351719049926,-3.7477678150438702,-0.09616888752871061,0.5127849882240036,1,1.3,0.1,4.0,2.0,5.0,0.5,0.01,0.3,1,0.05,0.4
cc57b87b,-3.5934287402269547,-3.708895205628907,-0.09461000847682531,0.4771328921505354,0,1.3,0.1,4.0,2.0,5.0,0.5,0.01,0.3,1,0.05,1.0
983cb890,-3.370362767991537,-3.6293298992734164,-0.09147642480846677,0.5825937800442789,0,1.3,0.1,4.0,2.0,5.0,0.5,0.01,0.3,1,0.1,1.0
7e22238a,-3.4504455299775145,-3.593445141569117,-0.09609570708566387,0.5022666642091201,0,1.3,0.1,4.0,2.0,5.0,0.5,0.01,0.3,1,0.1,0.6
7526d2a2,-3.642613121706745,-3.676425473213447,-0.09472490451284303,0.4141605567008628,0,1.3,0.1,4.0,2.0,5.0,0.5,0.01,0.3,1,0.1,0.4
0f458ebf,-3.621833021990824,-3.7198068688722365,-0.0974863153857111,0.4796694159657952,0,1.3,0.1,4.0,2.0,5.0,0.5,0.01,0.3,1,0.1,0.8
3c69211a,-3.316421788544176,-3.579766409764687,-0.09414392362057933,0.6007319598925601,0,1.3,0.1,4.0,2.0,5.0,0.5,0.01,0.3,1,0.2,0.6
79e57852,-3.5882660939969355,-3.6605787420288394,-0.09346739412417292,0.4002745579287266,0,1.3,0.1,4.0,2.0,5.0,0.5,0.01,0.3,1,0.2,0.8
736995fe,-3.5995479027387773,-3.6941271286614303,-0.09529076811454483,0.4875875879447236,0,1.3,0.1,4.0,2.0,5.0,0.5,0.01,0.3,1,0.2,0.4
15e56b61,-3.7680579429779755,-3.8606945003322317,-0.09866597049379036,0.5137377123532323,0,1.3,0.1,4.0,2.0,5.0,0.5,0.01,0.3,1,0.2,1.0
a03c02c0,-3.6963947756030393,-3.65000817066609,-0.12882970108587466,0.37858736280095323,1,1.3,0.1,4.0,2.0,5.0,0.5,0.01,0.3,2,0.05,0.4
563b532b,-3.0429111747689603,-3.298851435427361,-0.09110455285338531,0.4875327548890043,0,1.3,0.1,4.0,2.0,5.0,0.5,0.01,0.3,2,0.05,0.6
3299ce4e,-3.189394146656923,-3.4418864558905335,-0.09365489389539111,0.5588517912856866,0,1.3,0.1,4.0,2.0,5.0,0.5,0.01,0.3,2,0.05,0.8
e2d050e9,-3.614411785712946,-3.6529186265683413,-0.09487182089640996,0.43464798552483186,0,1.3,0.1,4.0,2.0,5.0,0.5,0.01,0.3,2,0.1,0.4
45a379d4,-3.4541065572520893,-3.64275645716045,-0.0913989490296407,0.5498575407079922,0,1.3,0.1,4.0,2.0,5.0,0.5,0.01,0.3,2,0.05,1.0
e777ce12,-3.1790319995343452,-3.4408523632769143,-0.09850786070656382,0.5460224016001469,0,1.3,0.1,4.0,2.0,5.0,0.5,0.01,0.3,2,0.1,0.6
5f003f66,-3.6309402567021607,-3.6616852379418896,-0.09659419346310977,0.40851499765023225,0,1.3,0.1,4.0,2.0,5.0,0.5,0.01,0.3,2,0.1,0.8
ed431f41,-3.5333840918174246,-3.656594082840015,-0.09793356658666522,0.4828494134047685,0,1.3,0.1,4.0,2.0,5.0,0.5,0.01,0.3,2,0.1,1.0
e4d977be,-3.416838244162136,-3.5745088200645907,-0.09495164477334687,0.476714582032279,0,1.3,0.1,4.0,2.0,5.0,0.5,0.01,0.3,2,0.2,0.6
4f9eb832,-3.36021268524928,-3.599046998827559,-0.09781119124679753,0.5842217834405025,0,1.3,0.1,4.0,2.0,5.0,0.5,0.01,0.3,2,0.2,0.4
1b55093b,-3.3147012476856617,-3.4785288141563755,-0.09242849670685777,0.45053491143711993,0,1.3,0.1,4.0,2.0,5.0,0.5,0.01,0.3,2,0.2,0.8
d876cd49,-3.3282722354033467,-3.519693174111599,-0.09462308938951663,0.49238948527781623,0,1.3,0.1,4.0,2.0,5.0,0.5,0.01,0.3,2,0.2,1.0
089322b7,-3.359968993168877,-3.5393743409866723,-0.09802199461797337,0.523834307244091,0,1.3,0.1,4.0,2.0,5.0,0.5,0.01,0.3,3,0.05,0.6
5a60b599,-3.243200067012367,-3.475177210382188,-0.09887553392464099,0.5603853309758882,0,1.3,0.1,4.0,2.0,5.0,0.5,0.01,0.3,3,0.05,0.8
2811c843,-3.497874090460755,-3.6407517490178463,-0.11577672868028584,0.5344061297307993,1,1.3,0.1,4.0,2.0,5.0,0.5,0.01,0.3,3,0.05,0.4
bf1deada,-3.3748477620065387,-3.6200615206213507,-0.09686788336954413,0.598149588605901,0,1.3,0.1,4.0,2.0,5.0,0.5,0.01,0.3,3,0.05,1.0
0129ce47,-3.5306062214986014,-3.6231659962239666,-0.09786196350040911,0.46240677983466827,0,1.3,0.1,4.0,2.0,5.0,0.5,0.01,0.3,3,0.1,0.6
69f18f26,-3.5647862032128614,-3.6437666955201435,-0.09498591565490133,0.42950249247364397,0,1.3,0.1,4.0,2.0,5.0,0.5,0.01,0.3,3,0.1,0.4
21c12940,-3.364364288832803,-3.5971301162464004,-0.09450476882622323,0.5919737118460277,0,1.3,0.1,4.0,2.0,5.0,0.5,0.01,0.3,3,0.1,1.0
652c7c68,-3.5326284812217636,-3.612343990481848,-0.10004960782290816,0.42621791052390384,0,1.3,0.1,4.0,2.0,5.0,0.5,0.01,0.3,3,0.1,0.8
6478902c,-3.2009592076701665,-3.5030492372416795,-0.09162935463197203,0.583383881249819,0,1.3,0.1,4.0,2.0,5.0,0.5,0.01,0.3,3,0.2,0.8
10880310,-3.434488032298759,-3.5141686805079293,-0.09503894045254245,0.4225212440305783,0,1.3,0.1,4.0,2.0,5.0,0.5,0.01,0.3,3,0.2,0.6
57f7998e,-3.6465261078719777,-3.725172506667667,-0.1032057667469726,0.461500946846534,0,1.3,0.1,4.0,2.0,5.0,0.5,0.01,0.3,3,0.2,1.0
aa59a5a8,-3.5459567470770708,-3.6404578784953983,-0.09844404848604563,0.4656836703287675,0,1.3,0.1,4.0,2.0,5.0,0.5,0.01,0.3,3,0.2,0.4
1f950266,-7.2613298985452275,-7.129380419804446,-0.7556511369145557,0.8941026847146185,9,1.3,0.1,4.0,2.0,5.0,0.5,0.02,0.1,1,0.05,0.4
39831702,-7.6752270598954055,-7.286879112920962,-1.1349359622089632,0.998447654499522,12,1.3,0.1,4.0,2.0,5.0,0.5,0.02,0.1,1,0.05,0.6
675ce413,-8.062750500766924,-7.726572503573292,-1.1080506091909008,1.066992050968014,12,1.3,0.1,4.0,2.0,5.0,0.5,0.02,0.1,1,0.05,1.0
b6c5ef36,-7.751796393178665,-7.358859490972746,-1.122286675403783,1.0228961965911765,10,1.3,0.1,4.0,2.0,5.0,0.5,0.02,0.1,1,0.05,0.8
9c73f696,-6.840979748225436,-7.156733749519962,-0.19753634882552018,1.0774774283114552,1,1.3,0.1,4.0,2.0,5.0,0.5,0.02,0.1,1,0.1,0.6
a24bafb2,-7.525938386308553,-7.516267822887724,-0.28109998718190976,0.8633171892472893,2,1.3,0.1,4.0,2.0,5.0,0.5,0.02,0.1,1,0.1,0.4
64bffe4e,-7.635092789209011,-7.5488792867914265,-0.31628542511521035,0.8400735536766033,2,1.3,0.1,4.0,2.0,5.0,0.5,0.02,0.1,1,0.1,1.0
e3453ce8,-7.790858592481527,-7.624772441508904,-0.35899166652059117,0.7688232265691696,2,1.3,0.1,4.0,2.0,5.0,0.5,0.02,0.1,1,0.1,0.8
682c9ee7,-7.1791112138034805,-7.425333603522701,-0.19333200430388345,1.0467164387612864,0,1.3,0.1,4.0,2.0,5.0,0.5,0.02,0.1,1,0.2,0.6
3d77b6ed,-7.0380753085628385,-7.1756658188083895,-0.19579186737202858,0.9053182002958114,0,1.3,0.1,4.0,2.0,5.0,0.5,0.02,0.1,1,0.2,0.4
9e9f089e,-7.067133849104721,-7.213088086934519,-0.18529989041096515,0.8234235013817034,0,1.3,0.1,4.0,2.0,5.0,0.5,0.02,0.1,1,0.2,0.8
afcef1ef,-7.6808816200791625,-7.733117454882713,-0.20510973577010427,0.9375055294308298,0,1.3,0.1,4.0,2.0,5.0,0.5,0.02,0.1,1,0.2,1.0
ac42a659,-7.624888415486566,-7.391660974850073,-0.9894376175045302,1.0775293209445178,8,1.3,0.1,4.0,2.0,5.0,0.5,0.02,0.1,2,0.05,1.0
95c93eb9,-8.312387472291448,-7.7350016209697685,-1.254039659663274,0.9984538541476329,14,1.3,0.1,4.0,2.0,5.0,0.5,0.02,0.1,2,0.05,0.4
1224e958,-7.5401554806467175,-7.348706368366354,-1.010680463613237,1.1456419936653803,9,1.3,0.1,4.0,2.0,5.0,0.5,0.02,0.1,2,0.05,0.6
b15643c3,-8.198355908425583,-7.607423222128061,-1.2319361819773773,0.9280990469587159,11,1.3,0.1,4.0,2.0,5.0,0.5,0.02,0.1,2,0.05,0.8
5b40dfbb,-7.224988509497052,-7.323004750181693,-0.24238401049546945,0.8880744429869538,1,1.3,0.1,4.0,2.0,5.0,0.5,0.02,0.1,2,0.1,0.6
5555724d,-6.91909568131814,-7.3437632353241336,-0.2155677999455134,1.1896946042234702,1,1.3,0.1,4.0,2.0,5.0,0.5,0.02,0.1,2,0.1,1.0
5a2dea3a,-7.255223092297456,-7.360129497106487,-0.21561774543645174,0.9381121807346032,0,1.3,0.1,4.0,2.0,5.0,0.5,0.02,0.1,2,0.2,0.6
de7401a8,-6.857394566313815,-7.1654725468836755,-0.19135399752940868,1.040982847349573,0,1.3,0.1,4.0,2.0,5.0,0.5,0.02,0.1,2,0.1,0.8
8e1646e1,-8.044726725507644,-7.735206535046265,-0.5645332692661784,0.8991449548187611,3,1.3,0.1,4.0,2.0,5.0,0.5,0.02,0.1,2,0.1,0.4
7d8f132d,-7.237212328818714,-7.527997275700197,-0.18938089543928813,1.0637695212181415,0,1.3,0.1,4.0,2.0,5.0,0.5,0.02,0.1,2,0.2,0.4
8a245ef9,-7.327281981295528,-7.3360119661762955,-0.18848083448556666,0.8169491528509565,0,1.3,0.1,4.0,2.0,5.0,0.5,0.02,0.1,2,0.2,0.8
0f022571,-7.752169955059799,-7.786911197043207,-0.20099272290222636,0.9114808942597026,0,1.3,0.1,4.0,2.0,5.0,0.5,0.02,0.1,2,0.2,1.0
a8ff19fa,-8.314429251489855,-7.662413307760462,-1.3319850563113649,0.9924378600364436,12,1.3,0.1,4.0,2.0,5.0,0.5,0.02,0.1,3,0.05,0.4
c3c528fc,-7.6177846247228445,-7.326799201155759,-1.1289975261704501,1.0631823947764703,10,1.3,0.1,4.0,2.0,5.0,0.5,0.02,0.1,3,0.05,0.6
a9207b14,-7.554182215277251,-7.4888377044390815,-0.4762222306982426,0.9873159952774386,3,1.3,0.1,4.0,2.0,5.0,0.5,0.02,0.1,3,0.1,0.6
1624b07d,-7.052429631661653,-7.2500130992626355,-0.1910060876640087,0.9273255439120531,0,1.3,0.1,4.0,2.0,5.0,0.5,0.02,0.1,3,0.1,1.0
4d240f26,-7.721385752145579,-7.749651589772775,-0.4680221639241295,1.1314827478345209,3,1.3,0.1,4.0,2.0,5.0,0.5,0.02,0.1,3,0.1,0.4
b904fbfe,-7.926451506469675,-7.530390264167108,-1.1303311462794279,1.0096748249051102,11,1.3,0.1,4.0,2.0,5.0,0.5,0.02,0.1,3,0.05,0.8
23bdffef,-7.47062665813246,-7.49328261499861,-0.3294735191657462,0.9667561338540833,2,1.3,0.1,4.0,2.0,5.0,0.5,0.02,0.1,3,0.1,0.8
b9f5de5b,-8.072722064402114,-7.543714362112292,-1.1173528627682132,0.8935607559609454,11,1.3,0.1,4.0,2.0,5.0,0.5,0.02,0.1,3,0.05,1.0
eaa1fc7e,-7.050994764093048,-7.433336469588355,-0.19909107732601128,1.2090291871560408,0,1.3,0.1,4.0,2.0,5.0,0.5,0.02,0.1,3,0.2,0.6
1f5e1d44,-7.145880485802991,-7.42789124756678,-0.20171777600703045,1.0983418366557325,0,1.3,0.1,4.0,2.0,5.0,0.5,0.02,0.1,3,0.2,0.4
b5802782,-7.378778685197176,-7.487337570891828,-0.19855900995973355,0.9428407554577919,0,1.3,0.1,4.0,2.0,5.0,0.5,0.02,0.1,3,0.2,0.8
04051390,-8.110644740154385,-7.486651064505232,-1.2372664382532566,0.8771763005168911,12,1.3,0.1,4.0,2.0,5.0,0.5,0.02,0.2,1,0.05,0.6
25018007,-7.059523088799324,-7.353733151152478,-0.18993699838297234,1.0726274818079218,0,1.3,0.1,4.0,2.0,5.0,0.5,0.02,0.1,3,0.2,1.0
f5238656,-8.224169286639153,-7.657612830627367,-1.376713927154907,1.0688984875442367,12,1.3,0.1,4.0,2.0,5.0,0.5,0.02,0.2,1,0.05,1.0
6aa3c451,-8.144703082562046,-7.633253032806668,-1.1082726621923544,0.8977789072195144,9,1.3,0.1,4.0,2.0,5.0,0.5,0.02,0.2,1,0.05,0.8
85e3f95b,-8.03410968814751,-7.605595896750703,-1.224345627174292,1.0711147318357037,12,1.3,0.1,4.0,2.0,5.0,0.5,0.02,0.2,1,0.05,0.4
782adac8,-7.503580447120839,-7.408762994139757,-0.4546263888513255,0.924308195712258,3,1.3,0.1,4.0,2.0,5.0,0.5,0.02,0.2,1,0.1,0.6
4bd48ee2,-7.724456143660063,-7.660664594887251,-0.4061700221778282,0.9732554357740124,2,1.3,0.1,4.0,2.0,5.0,0.5,0.02,0.2,1,0.1,0.8
0b1af636,-7.539652045143157,-7.595801306622313,-0.2189850920340637,0.8587619797339526,1,1.3,0.1,4.0,2.0,5.0,0.5,0.02,0.2,1,0.1,0.4
8bca0b23,-7.183159934415016,-7.295179434606807,-0.2012567079703701,0.924822576327594,0,1.3,0.1,4.0,2.0,5.0,0.5,0.02,0.2,1,0.2,0.6
44ba2dbc,-7.516252638108199,-7.684581868816697,-0.21392505396627853,1.046107564494226,0,1.3,0.1,4.0,2.0,5.0,0.5,0.02,0.2,1,0.2,0.4
3a4fb654,-7.7171781931538135,-7.603778803906294,-0.3230722847000208,0.8265840597962754,2,1.3,0.1,4.0,2.0,5.0,0.5,0.02,0.2,1,0.1,1.0
9b9e7a48,-7.565903164564588,-7.744357431079829,-0.19559765128685003,1.0772193285622755,0,1.3,0.1,4.0,2.0,5.0,0.5,0.02,0.2,1,0.2,1.0
7c28138d,-7.547272477015213,-7.572232547422323,-0.19710069533992677,0.8687643917822815,0,1.3,0.1,4.0,2.0,5.0,0.5,0.02,0.2,1,0.2,0.8
04375e8e,-8.180608390777707,-7.5521074246037925,-1.235432856310337,0.9172845438300694,13,1.3,0.1,4.0,2.0,5.0,0.5,0.02,0.2,2,0.05,0.4
f08daf56,-8.225665896552528,-7.6806047170567515,-1.2882389881074359,1.0361555480232398,13,1.3,0.1,4.0,2.0,5.0,0.5,0.02,0.2,2,0.05,0.6
ad3423d5,-7.682758221097174,-7.254483664482364,-1.0831724110048955,0.9261032476711362,11,1.3,0.1,4.0,2.0,5.0,0.5,0.02,0.2,2,0.05,0.8
cf018e50,-8.002722497782088,-7.593870811412356,-1.140124173634068,1.0168610907345177,11,1.3,0.1,4.0,2.0,5.0,0.5,0.02,0.2,2,0.05,1.0
04977d48,-7.3843162947359815,-7.439995730552519,-0.32431713655301647,1.0173735966582786,2,1.3,0.1,4.0,2.0,5.0,0.5,0.02,0.2,2,0.1,0.4
ea2e75d0,-7.732816100828131,-7.6112962546264065,-0.4955551979233116,0.9825514013799376,3,1.3,0.1,4.0,2.0,5.0,0.5,0.02,0.2,2,0.1,0.8
1e22007f,-7.461144850862183,-7.548391865343132,-0.2474751170338657,0.9515227096786797,1,1.3,0.1,4.0,2.0,5.0,0.5,0.02,0.2,2,0.1,0.6
d3b84f85,-7.194014154596516,-7.33056673987322,-0.18076460584378687,0.9327450436663572,0,1.3,0.1,4.0,2.0,5.0,0.5,0.02,0.2,2,0.1,1.0
34ae39f1,-7.2070288696813805,-7.360571582890248,-0.1985559207390345,0.9472062575874632,0,1.3,0.1,4.0,2.0,5.0,0.5,0.02,0.2,2,0.2,0.8
86dd89f7,-7.700848381036849,-7.798052423960762,-0.19615223841303792,0.9777726181456433,0,1.3,0.1,4.0,2.0,5.0,0.5,0.02,0.2,2,0.2,0.4
e33e344d,-7.051861284320694,-7.325038406237358,-0.20256409003134201,1.0441602420820226,0,1.3,0.1,4.0,2.0,5.0,0.5,0.02,0.2,2,0.2,0.6
e7f508de,-7.8041164722671965,-7.272525639022857,-1.2499733753010644,0.9434891437271277,11,1.3,0.1,4.0,2.0,5.0,0.5,0.02,0.2,3,0.05,0.6
641cda97,-7.53208161441944,-7.316855150681079,-0.955420707881519,1.0491944525673784,8,1.3,0.1,4.0,2.0,5.0,0.5,0.02,0.2,3,0.05,0.8
a36a2c25,-7.91961146788708,-7.594726267012991,-1.0577597430257968,1.1006946000829074,10,1.3,0.1,4.0,2.0,5.0,0.5,0.02,0.2,3,0.05,1.0
8ec74790,-7.195721076514019,-7.566719215309788,-0.19988067015608693,1.2591327607490643,0,1.3,0.1,4.0,2.0,5.0,0.5,0.02,0.2,2,0.2,1.0
6b75b4f4,-7.664316883701758,-7.532141006607775,-0.9549225597033845,1.1486596264279292,10,1.3,0.1,4.0,2.0,5.0,0.5,0.02,0.2,3,0.05,0.4
55079608,-7.399045201247645,-7.333283520886577,-0.3736978950332354,0.8930000557389659,2,1.3,0.1,4.0,2.0,5.0,0.5,0.02,0.2,3,0.1,0.6
cd07f1a7,-7.589227605125416,-7.608910974430583,-0.3473230480871103,1.005525821101331,2,1.3,0.1,4.0,2.0,5.0,0.5,0.02,0.2,3,0.1,0.4
d1eacea3,-7.651463593183507,-7.6983391186793275,-0.3590067408616884,1.0353139815359702,3,1.3,0.1,4.0,2.0,5.0,0.5,0.02,0.2,3,0.1,0.8
6bfa314a,-7.555587777575056,-7.508256891934338,-0.1898880917133133,0.7939011565708631,0,1.3,0.1,4.0,2.0,5.0,0.5,0.02,0.2,3,0.2,0.4
901b9471,-7.409150872837927,-7.618202047874089,-0.20413586732898553,1.0917925482527169,0,1.3,0.1,4.0,2.0,5.0,0.5,0.02,0.2,3,0.2,0.8
10f3075b,-7.497192963990528,-7.575377950487164,-0.2910048724706998,0.973214991518409,2,1.3,0.1,4.0,2.0,5.0,0.5,0.02,0.2,3,0.1,1.0
34d8ef0e,-7.130179453233723,-7.3143942083605085,-0.20103730026891614,0.9927278103431524,0,1.3,0.1,4.0,2.0,5.0,0.5,0.02,0.2,3,0.2,0.6
6a023820,-7.206789720146844,-7.363059807610688,-0.1908168398217465,0.9524215645957105,0,1.3,0.1,4.0,2.0,5.0,0.5,0.02,0.2,3,0.2,1.0
dca01b49,-7.702921410656927,-7.285455687039338,-1.1185363425513903,0.9756605201391394,11,1.3,0.1,4.0,2.0,5.0,0.5,0.02,0.3,1,0.05,0.6
969e7711,-7.54611087390731,-7.5191876746035,-0.9237136353349306,1.1737589482191801,10,1.3,0.1,4.0,2.0,5.0,0.5,0.02,0.3,1,0.05,0.4
76498c8d,-8.008204031797504,-7.598074255816594,-1.1340792786252873,1.0377804114381752,11,1.3,0.1,4.0,2.0,5.0,0.5,0.02,0.3,1,0.05,0.8
af6eec3e,-7.7627273842008435,-7.515355217843882,-0.47942938191370105,0.8740839451844918,4,1.3,0.1,4.0,2.0,5.0,0.5,0.02,0.3,1,0.1,0.4
ced66f14,-7.8391449921582534,-7.648004387767535,-0.37695256696058466,0.7994177551494511,2,1.3,0.1,4.0,2.0,5.0,0.5,0.02,0.3,1,0.1,0.8
a19c3bfa,-6.980292916810868,-7.250019196054255,-0.2356585074075796,1.0540067968969944,1,1.3,0.1,4.0,2.0,5.0,0.5,0.02,0.3,1,0.1,0.6
c18fe3d5,-7.933789814309421,-7.566010623786525,-1.082341086937259,1.029125992855432,11,1.3,0.1,4.0,2.0,5.0,0.5,0.02,0.3,1,0.05,1.0
ad17eebb,-7.520461174086449,-7.624156920515812,-0.2931368676614097,1.0803841705600625,1,1.3,0.1,4.0,2.0,5.0,0.5,0.02,0.3,1,0.1,1.0
a1af2014,-7.051773804249024,-7.181484689232336,-0.20003586748928523,0.8713304711343034,0,1.3,0.1,4.0,2.0,5.0,0.5,0.02,0.3,1,0.2,0.6
dbfd4a9e,-7.305084287676436,-7.393224734824064,-0.17790208056199577,0.8512276766286735,0,1.3,0.1,4.0,2.0,5.0,0.5,0.02,0.3,1,0.2,0.4
eb9cd2fa,-7.404703752881687,-7.363610388242574,-0.19717440706149686,0.773620450640891,0,1.3,0.1,4.0,2.0,5.0,0.5,0.02,0.3,1,0.2,0.8
b07dc9b8,-7.733622824258418,-7.443821852598669,-1.0528197164959805,1.053638988002039,12,1.3,0.1,4.0,2.0,5.0,0.5,0.02,0.3,2,0.05,0.4
84629b5f,-8.162654751067748,-7.671910372223543,-1.31292399022549,1.0993519468281612,12,1.3,0.1,4.0,2.0,5.0,0.5,0.02,0.3,2,0.05,0.8
30108436,-7.8997739408023335,-7.862855997665484,-0.20275456345518136,0.9017898293808022,0,1.3,0.1,4.0,2.0,5.0,0.5,0.02,0.3,1,0.2,1.0
5caea5b4,-7.585692564440251,-7.160607123019995,-1.3066602000587095,1.1098085452533142,12,1.3,0.1,4.0,2.0,5.0,0.5,0.02,0.3,2,0.05,0.6
6e5b09ca,-8.277757939935327,-7.722565359032018,-1.3774322306827353,1.1109845161906207,13,1.3,0.1,4.0,2.0,5.0,0.5,0.02,0.3,2,0.05,1.0
678ba1e2,-6.722490536623809,-7.14167019935097,-0.3031681556972846,1.2710691276819424,1,1.3,0.1,4.0,2.0,5.0,0.5,0.02,0.3,2,0.1,0.6
6cb55435,-7.2152553927862755,-7.418960460062769,-0.1987138215181264,0.9958545375257315,1,1.3,0.1,4.0,2.0,5.0,0.5,0.02,0.3,2,0.1,0.4
95d9af06,-7.628160872645822,-7.698163634203253,-0.5332051331203921,1.22171932481306,3,1.3,0.1,4.0,2.0,5.0,0.5,0.02,0.3,2,0.1,0.8
24a61360,-7.2118689065100625,-7.474255575749686,-0.24475867866815618,1.1117518571254354,1,1.3,0.1,4.0,2.0,5.0,0.5,0.02,0.3,2,0.1,1.0
b2f482ea,-6.326834508099637,-6.680450491831395,-0.1936587114875862,0.9639174865215872,0,1.3,0.1,4.0,2.0,5.0,0.5,0.02,0.3,2,0.2,0.6
aa6adaa0,-7.52759746036827,-7.541545666987993,-0.20476068494319416,0.8547137001674917,0,1.3,0.1,4.0,2.0,5.0,0.5,0.02,0.3,2,0.2,0.4
d600d1d2,-7.472311567385987,-7.692791487639517,-0.19988380707361744,1.0630216776502663,0,1.3,0.1,4.0,2.0,5.0,0.5,0.02,0.3,2,0.2,0.8
81658da5,-7.643617907680891,-7.561940958309559,-0.17775478733774402,0.7530125096072804,0,1.3,0.1,4.0,2.0,5.0,0.5,0.02,0.3,2,0.2,1.0
788f1953,-7.800425801973688,-7.3586789871345895,-1.0556356224546728,0.9200789842817756,10,1.3,0.1,4.0,2.0,5.0,0.5,0.02,0.3,3,0.05,0.4
b6787e2b,-7.980677442943488,-7.33192831560682,-1.2265741503886545,0.8547728242107919,12,1.3,0.1,4.0,2.0,5.0,0.5,0.02,0.3,3,0.05,0.6
f7e22820,-7.625623122910838,-7.402669301143168,-0.8837693712470743,0.914614175831864,10,1.3,0.1,4.0,2.0,5.0,0.5,0.02,0.3,3,0.05,0.8
b76da28a,-7.161041622552148,-7.380674440478981,-0.18842716754287236,0.9449269568385034,0,1.3,0.1,4.0,2.0,5.0,0.5,0.02,0.3,3,0.1,0.8
bfda7204,-7.729213943268405,-7.465251238322405,-0.9872562888625965,1.0156492260072134,11,1.3,0.1,4.0,2.0,5.0,0.5,0.02,0.3,3,0.05,1.0
417955f8,-8.093302146044152,-7.798800809491808,-0.5445837528878265,0.9531435132917911,4,1.3,0.1,4.0,2.0,5.0,0.5,0.02,0.3,3,0.1,0.4
ac3b14eb,-7.206861613778528,-7.385671288544586,-0.2855518373685898,1.0191287727528275,1,1.3,0.1,4.0,2.0,5.0,0.5,0.02,0.3,3,0.1,0.6
de1cd1e6,-7.380584482933045,-7.466798332169786,-0.22320833964826461,0.8780361121053817,1,1.3,0.1,4.0,2.0,5.0,0.5,0.02,0.3,3,0.1,1.0
00688206,-6.906239769981767,-7.082293618297771,-0.18255913204830584,0.870346093391363,0,1.3,0.1,4.0,2.0,5.0,0.5,0.02,0.3,3,0.2,0.6
4f4fc5b1,-7.328424867235299,-7.401403073869281,-0.19392358081914932,0.8322055317665737,0,1.3,0.1,4.0,2.0,5.0,0.5,0.02,0.3,3,0.2,0.8
eabe82a8,-7.556049884868116,-7.6648074017162235,-0.18681570359875346,0.9577543310509085,0,1.3,0.1,4.0,2.0,5.0,0.5,0.02,0.3,3,0.2,0.4
6170882d,-21.88430271278594,-17.797844638102756,-5.558796471312832,1.8282215342322985,32,1.3,0.1,4.0,2.0,5.0,0.5,0.04,0.1,1,0.05,0.6
91a4229e,-22.86737606233146,-18.027600480355662,-6.29474168073977,1.8244824104085438,37,1.3,0.1,4.0,2.0,5.0,0.5,0.04,0.1,1,0.05,0.8
2cccb10d,-7.651233494305416,-7.7070336016259064,-0.19396998718158884,0.9672009591768986,0,1.3,0.1,4.0,2.0,5.0,0.5,0.02,0.3,3,0.2,1.0
8938122b,-21.853979214260107,-17.558771884651193,-5.780924060666526,1.851329328658082,32,1.3,0.1,4.0,2.0,5.0,0.5,0.04,0.1,1,0.05,0.4
296e1f8e,-22.720373363117687,-17.874037117118245,-6.1330713951858815,1.7030855780602443,34,1.3,0.1,4.0,2.0,5.0,0.5,0.04,0.1,1,0.05,1.0
b8d3bdb1,-17.59844337710274,-15.725034765975003,-2.9154787815166623,1.7043874120173466,13,1.3,0.1,4.0,2.0,5.0,0.5,0.04,0.1,1,0.1,0.8
4ea77a89,-18.168489364043126,-16.412960516835316,-2.857566404214648,1.7892969236947989,15,1.3,0.1,4.0,2.0,5.0,0.5,0.04,0.1,1,0.1,0.4
22842432,-17.74149324022983,-15.786630874266303,-3.1813523395744463,1.8577514824921602,16,1.3,0.1,4.0,2.0,5.0,0.5,0.04,0.1,1,0.1,1.0
d9b35928,-16.706272585764964,-15.46184857372786,-2.682905971402727,2.0539419044905527,14,1.3,0.1,4.0,2.0,5.0,0.5,0.04,0.1,1,0.1,0.6
d56232d9,-15.587923044673516,-15.23494404393299,-0.8070014314735822,1.8460602745673218,3,1.3,0.1,4.0,2.0,5.0,0.5,0.04,0.1,1,0.2,0.6
53697e29,-15.854294625602051,-15.740067014929505,-1.128428880758411,2.358397587889343,3,1.3,0.1,4.0,2.0,5.0,0.5,0.04,0.1,1,0.2,0.8
13aaa2da,-15.818721409108548,-15.485742271242708,-1.0046411640281443,1.9412081635382916,3,1.3,0.1,4.0,2.0,5.0,0.5,0.04,0.1,1,0.2,1.0
ddcf3ca1,-15.18173533033223,-15.181045917265813,-0.7764134105161921,2.0613631527065097,3,1.3,0.1,4.0,2.0,5.0,0.5,0.04,0.1,1,0.2,0.4
fb3f1672,-20.553309121720304,-17.400107600354517,-4.897306384026071,2.1173672429164494,33,1.3,0.1,4.0,2.0,5.0,0.5,0.04,0.1,2,0.05,0.4
59de96f8,-20.20964506946075,-16.922438373901105,-4.722569731229864,1.7669510997236306,31,1.3,0.1,4.0,2.0,5.0,0.5,0.04,0.1,2,0.05,0.6
754bcc7b,-22.574116752271948,-18.393980194879866,-5.916824271693318,2.1511781968393224,37,1.3,0.1,4.0,2.0,5.0,0.5,0.04,0.1,2,0.05,0.8
8a8cef63,-22.56140199030233,-18.23384551863573,-6.124457141229111,2.200821543907727,35,1.3,0.1,4.0,2.0,5.0,0.5,0.04,0.1,2,0.05,1.0
2a37e1eb,-17.657820578851897,-15.90111753265461,-3.1945978195812037,2.074372509753777,14,1.3,0.1,4.0,2.0,5.0,0.5,0.04,0.1,2,0.1,0.4
9bb14653,-17.326195569567062,-15.841164658995345,-2.9790344161771154,2.0404181145315126,16,1.3,0.1,4.0,2.0,5.0,0.5,0.04,0.1,2,0.1,0.6
0f1feca1,-17.435039263174986,-15.805034388624383,-3.056816524302514,2.0333243641700443,15,1.3,0.1,4.0,2.0,5.0,0.5,0.04,0.1,2,0.1,0.8
129e4461,-18.58678652002709,-16.538621824653738,-3.5353142437136125,2.1497418991742934,16,1.3,0.1,4.0,2.0,5.0,0.5,0.04,0.1,2,0.1,1.0
06a0f593,-16.09842473462777,-15.692923532044768,-0.98289625691214,1.8470166527991856,4,1.3,0.1,4.0,2.0,5.0,0.5,0.04,0.1,2,0.2,0.6
de4f6373,-16.132462691948604,-16.047863791506867,-1.1122277892814776,2.350704340652397,5,1.3,0.1,4.0,2.0,5.0,0.5,0.04,0.1,2,0.2,0.4
a951a3ee,-16.263875302724045,-15.556652208817564,-1.1906755168450887,1.8400688771002331,5,1.3,0.1,4.0,2.0,5.0,0.5,0.04,0.1,2,0.2,1.0
c3c82b5b,-15.311415056115948,-15.317343935421958,-0.7388765001000317,2.074212740891995,3,1.3,0.1,4.0,2.0,5.0,0.5,0.04,0.1,2,0.2,0.8
1ab93f41,-23.36506318877764,-18.542891767924306,-6.8171411369850565,2.407562865456045,36,1.3,0.1,4.0,2.0,5.0,0.5,0.04,0.1,3,0.05,0.8
ff088e39,-22.21804360810347,-18.0149943019879,-5.76052964605678,1.9667144447350107,33,1.3,0.1,4.0,2.0,5.0,0.5,0.04,0.1,3,0.05,0.6
20bbb7ae,-22.29798197560376,-18.023971047373603,-6.0537568094904195,2.1808644538041064,38,1.3,0.1,4.0,2.0,5.0,0.5,0.04,0.1,3,0.05,0.4
62f4a4b7,-22.894863807019647,-18.38552413692646,-6.265596688328148,2.1764878752744536,34,1.3,0.1,4.0,2.0,5.0,0.5,0.04,0.1,3,0.05,1.0
a1acb5fe,-16.575676655527786,-14.942381144550458,-3.1686531304046692,2.0302125394025916,12,1.3,0.1,4.0,2.0,5.0,0.5,0.04,0.1,3,0.1,0.6
eda39a25,-14.333066692322973,-14.630373118476404,-0.5239790988584114,2.0148484874495387,2,1.3,0.1,4.0,2.0,5.0,0.5,0.04,0.1,3,0.2,0.4
0a5f3a4a,-16.126270749384275,-15.287390208497047,-2.2429241478495157,1.9945527655215252,12,1.3,0.1,4.0,2.0,5.0,0.5,0.04,0.1,3,0.1,0.4
a6c76b39,-16.919426283866414,-15.617465295077007,-3.0973231027498564,2.4660401426804865,13,1.3,0.1,4.0,2.0,5.0,0.5,0.04,0.1,3,0.1,0.8
a6e23666,-17.824644733836976,-16.412352393314496,-2.6905714765350544,1.9157379913152928,15,1.3,0.1,4.0,2.0,5.0,0.5,0.04,0.1,3,0.1,1.0
d3349a4c,-15.49601151353636,-15.266709341225438,-1.109551142147864,2.044968526995422,4,1.3,0.1,4.0,2.0,5.0,0.5,0.04,0.1,3,0.2,0.6
b4f1f6e5,-16.353543564175197,-15.846994163900572,-1.149434517193686,1.9468424681244703,3,1.3,0.1,4.0,2.0,5.0,0.5,0.04,0.1,3,0.2,0.8
5ddcdb6f,-15.904903920967627,-15.510308871091151,-1.117546854133831,1.9947215000233145,4,1.3,0.1,4.0,2.0,5.0,0.5,0.04,0.1,3,0.2,1.0
1ba72486,-22.493224715024553,-18.10289429902873,-6.173835164131503,2.1311608841089935,35,1.3,0.1,4.0,2.0,5.0,0.5,0.04,0.2,1,0.05,0.6
f83eac59,-16.477674007297537,-15.100793532522994,-2.4838505734090393,1.714151518412497,12,1.3,0.1,4.0,2.0,5.0,0.5,0.04,0.2,1,0.1,0.6
752010c4,-22.636759944000005,-18.26313591740549,-5.911137638871062,1.9688080292968364,37,1.3,0.1,4.0,2.0,5.0,0.5,0.04,0.2,1,0.05,0.8
0a5e9a30,-16.93853742381725,-15.354163410789166,-2.7944063916473163,1.9466398186892122,12,1.3,0.1,4.0,2.0,5.0,0.5,0.04,0.2,1,0.1,0.4
4f6b8827,-18.28631132218834,-16.202326268819874,-3.3817051818654686,1.9333956652536612,15,1.3,0.1,4.0,2.0,5.0,0.5,0.04,0.2,1,0.1,1.0
688dd506,-23.59417816525456,-17.80038896442517,-7.3997112998725525,1.9943429002077224,38,1.3,0.1,4.0,2.0,5.0,0.5,0.04,0.2,1,0.05,0.4
44b11eca,-23.01825536595061,-18.222214353720066,-6.231285608745576,1.862223913418069,37,1.3,0.1,4.0,2.0,5.0,0.5,0.04,0.2,1,0.05,1.0
2bfb74c3,-17.306871089111155,-15.846087868429914,-2.5938728813136747,1.8059100212477737,11,1.3,0.1,4.0,2.0,5.0,0.5,0.04,0.2,1,0.1,0.8
b6a7df79,-15.569459513350012,-15.335342200335464,-0.8521636689380506,1.928977017977803,4,1.3,0.1,4.0,2.0,5.0,0.5,0.04,0.2,1,0.2,0.4
b7ec7c17,-15.700980745059496,-15.154031429273465,-1.1337464000079667,1.8091578148190046,5,1.3,0.1,4.0,2.0,5.0,0.5,0.04,0.2,1,0.2,0.6
14178899,-16.050746084783896,-15.835352914138745,-1.10379534373565,2.2631392175858016,5,1.3,0.1,4.0,2.0,5.0,0.5,0.04,0.2,1,0.2,1.0
9cd5b269,-15.686450022567442,-15.415670168021796,-0.7858996259046263,1.7377149279212825,3,1.3,0.1,4.0,2.0,5.0,0.5,0.04,0.2,1,0.2,0.8
4688f99d,-22.06140453797707,-17.906361376281083,-6.002249857861495,2.210120301223025,34,1.3,0.1,4.0,2.0,5.0,0.5,0.04,0.2,2,0.05,0.8
9993ebb3,-21.3644677128068,-18.007014607572213,-5.173609160461237,2.196043160324741,33,1.3,0.1,4.0,2.0,5.0,0.5,0.04,0.2,2,0.05,0.6
a6a40b00,-22.27351656778592,-17.973002144703695,-5.812555283057751,1.9039782556018854,34,1.3,0.1,4.0,2.0,5.0,0.5,0.04,0.2,2,0.05,1.0
89c1954e,-23.233467782742082,-18.168062924024976,-6.5140141698079805,1.8636750997727423,36,1.3,0.1,4.0,2.0,5.0,0.5,0.04,0.2,2,0.05,0.4
3e654de8,-17.087977418786977,-15.581383748245132,-2.7906580783143236,1.943269376664921,13,1.3,0.1,4.0,2.0,5.0,0.5,0.04,0.2,2,0.1,0.4
0643a9a7,-15.592863715810381,-15.266351414806712,-0.9406361717039581,1.8156199878891854,4,1.3,0.1,4.0,2.0,5.0,0.5,0.04,0.2,2,0.2,0.6
053e8e3a,-16.96851333423365,-15.749318986259738,-2.5470558680077438,1.9548664353587977,13,1.3,0.1,4.0,2.0,5.0,0.5,0.04,0.2,2,0.1,0.8
bd669925,-16.54233365539767,-15.652871967097411,-2.4563143309806525,2.2413196727454316,15,1.3,0.1,4.0,2.0,5.0,0.5,0.04,0.2,2,0.1,1.0
e5bed509,-15.681353821173616,-15.13794541707455,-2.2924237712118822,2.172617497924752,12,1.3,0.1,4.0,2.0,5.0,0.5,0.04,0.2,2,0.1,0.6
c588acca,-16.242691506664414,-15.80204286797253,-1.032967490731196,1.919743973487119,4,1.3,0.1,4.0,2.0,5.0,0.5,0.04,0.2,2,0.2,1.0
13766561,-16.027468161561046,-15.3760572492707,-0.9277252027771399,1.673452312761789,5,1.3,0.1,4.0,2.0,5.0,0.5,0.04,0.2,2,0.2,0.4
f2ab799e,-15.76598804015157,-15.770649471826243,-1.0663674166043693,2.392440308478554,3,1.3,0.1,4.0,2.0,5.0,0.5,0.04,0.2,2,0.2,0.8
346fca6b,-23.054933748424446,-18.722056434885502,-6.169857123647773,2.2747069060629386,36,1.3,0.1,4.0,2.0,5.0,0.5,0.04,0.2,3,0.05,0.8
9521dfe8,-17.465291800650448,-15.773531492801045,-2.83055945744067,1.7561641632922438,16,1.3,0.1,4.0,2.0,5.0,0.5,0.04,0.2,3,0.1,0.4
14ddf32d,-22.393737381084065,-18.05849577631163,-6.237832252647858,2.2563973895402305,35,1.3,0.1,4.0,2.0,5.0,0.5,0.04,0.2,3,0.05,0.6
8804eb87,-16.14304245025596,-15.358279613256803,-2.4838801863842623,2.3108463438950957,13,1.3,0.1,4.0,2.0,5.0,0.5,0.04,0.2,3,0.1,0.6
5cd2bf2f,-18.196470413586212,-16.0795650964656,-3.4946405217793597,2.063412695556661,14,1.3,0.1,4.0,2.0,5.0,0.5,0.04,0.2,3,0.1,1.0
3543b8d1,-22.25440302865718,-17.774211493390013,-5.768777579662382,1.676944835874116,33,1.3,0.1,4.0,2.0,5.0,0.5,0.04,0.2,3,0.05,1.0
5ab2cdfc,-17.65222499133415,-15.94819057482247,-3.1848959647455466,2.138812851368508,16,1.3,0.1,4.0,2.0,5.0,0.5,0.04,0.2,3,0.1,0.8
8ed7a950,-22.214544719918194,-17.7810445649278,-5.9994709838085445,1.9929332429369324,34,1.3,0.1,4.0,2.0,5.0,0.5,0.04,0.2,3,0.05,0.4
031c45b8,-16.055645549698966,-15.122152888066534,-1.0768562530425603,1.2263791423372927,3,1.3,0.1,4.0,2.0,5.0,0.5,0.04,0.2,3,0.2,0.6
c5950e70,-15.840030439161637,-15.09129935684004,-1.1203330750794933,1.7122157707527865,4,1.3,0.1,4.0,2.0,5.0,0.5,0.04,0.2,3,0.2,0.4
5461621a,-16.337646061816486,-15.886374727065578,-1.1797549586061875,2.1092353475660013,4,1.3,0.1,4.0,2.0,5.0,0.5,0.04,0.2,3,0.2,1.0
c7c059b8,-23.226100858133577,-18.684281348100686,-6.2345927690177305,2.117439413184906,36,1.3,0.1,4.0,2.0,5.0,0.5,0.04,0.3,1,0.05,0.8
234ca24b,-16.60978103130401,-16.06979642087041,-1.1713667667730214,2.004168070337643,4,1.3,0.1,4.0,2.0,5.0,0.5,0.04,0.2,3,0.2,0.8
8a7756c4,-22.089059083362372,-17.878763320221758,-5.7818379531464945,2.0059393423932104,34,1.3,0.1,4.0,2.0,5.0,0.5,0.04,0.3,1,0.05,1.0
9d1dfedf,-22.219257844999447,-17.595437448061322,-6.157168419238963,1.9058814226446037,31,1.3,0.1,4.0,2.0,5.0,0.5,0.04,0.3,1,0.05,0.4
b53939d8,-20.39378738213054,-16.990901832107514,-4.8679346188890795,1.7795471902088227,32,1.3,0.1,4.0,2.0,5.0,0.5,0.04,0.3,1,0.05,0.6
20aaa0d3,-17.492037162674023,-15.655660283808555,-2.8465562901163346,1.5975588509858212,15,1.3,0.1,4.0,2.0,5.0,0.5,0.04,0.3,1,0.1,0.4
a9c4a891,-17.51149791807802,-15.564101905838294,-3.0040030752045768,1.6496285476334098,14,1.3,0.1,4.0,2.0,5.0,0.5,0.04,0.3,1,0.1,0.6
399b60be,-16.80916093666565,-15.718543430599112,-2.2274261253268954,1.791445711564819,12,1.3,0.1,4.0,2.0,5.0,0.5,0.04,0.3,1,0.1,0.8
5a98cc19,-15.41098749939556,-15.039512662515856,-0.7909920029762253,1.6923151581564604,3,1.3,0.1,4.0,2.0,5.0,0.5,0.04,0.3,1,0.2,0.4
22c19661,-18.140550545249425,-16.017865425223683,-3.1404284765763206,1.64940668435288,15,1.3,0.1,4.0,2.0,5.0,0.5,0.04,0.3,1,0.1,1.0
e81ce9ba,-15.798102037942954,-15.679570397555125,-0.7556539490740855,1.9538547055974027,3,1.3,0.1,4.0,2.0,5.0,0.5,0.04,0.3,1,0.2,0.8
c76d2904,-15.971160255789073,-15.596646055779068,-0.8075987356690587,1.7875949572569096,3,1.3,0.1,4.0,2.0,5.0,0.5,0.04,0.3,1,0.2,1.0
698f70ac,-15.840322054826174,-15.357419674313135,-1.0464496607075497,1.8605823422565582,3,1.3,0.1,4.0,2.0,5.0,0.5,0.04,0.3,1,0.2,0.6
36aa8959,-22.213486978838773,-17.666153608033312,-6.442328505710862,2.2819945429659367,30,1.3,0.1,4.0,2.0,5.0,0.5,0.04,0.3,2,0.05,0.4
eb7ef2bb,-21.816740648495397,-17.947021124778082,-5.347396639713668,1.8507254158627142,34,1.3,0.1,4.0,2.0,5.0,0.5,0.04,0.3,2,0.05,0.6
43dc9255,-22.643828688262147,-18.428886590732915,-6.088758466023454,2.2502460942495595,37,1.3,0.1,4.0,2.0,5.0,0.5,0.04,0.3,2,0.05,0.8
a1d81e41,-15.99719659693801,-14.789451007042295,-2.626357631699655,1.9265525779531416,13,1.3,0.1,4.0,2.0,5.0,0.5,0.04,0.3,2,0.1,0.6
993ce89a,-17.89383518687464,-16.00173126206175,-3.3166441006775806,2.0342965773232806,16,1.3,0.1,4.0,2.0,5.0,0.5,0.04,0.3,2,0.1,0.4
f3a50567,-23.302510821396936,-17.951759637050507,-6.796713272312647,1.8455790750390462,35,1.3,0.1,4.0,2.0,5.0,0.5,0.04,0.3,2,0.05,1.0
7acd9f90,-16.840830006225588,-15.561573350648644,-2.598817309750415,1.946163138887319,13,1.3,0.1,4.0,2.0,5.0,0.5,0.04,0.3,2,0.1,0.8
7bf3f202,-16.576699353980075,-15.272577668768994,-2.5764481423464796,1.8818192236211377,11,1.3,0.1,4.0,2.0,5.0,0.5,0.04,0.3,2,0.1,1.0
9ae6c2c8,-15.348671214685965,-15.415519839432237,-1.003885818714529,2.3158829426610326,4,1.3,0.1,4.0,2.0,5.0,0.5,0.04,0.3,2,0.2,0.6
dfb7ed7d,-15.117264004842582,-15.028594761865522,-0.7652004187149638,1.873506486417355,3,1.3,0.1,4.0,2.0,5.0,0.5,0.04,0.3,2,0.2,0.4
98d17cda,-16.456415007556643,-15.518186262175076,-1.3516010265285485,1.7717144577705644,4,1.3,0.1,4.0,2.0,5.0,0.5,0.04,0.3,2,0.2,1.0
467ef356,-15.443242279046899,-15.164826512751942,-0.8414144406822163,1.8444918855620989,2,1.3,0.1,4.0,2.0,5.0,0.5,0.04,0.3,2,0.2,0.8
e9fccfb3,-22.700560741071968,-17.83293004122167,-6.429810825444041,1.9870239337113023,34,1.3,0.1,4.0,2.0,5.0,0.5,0.04,0.3,3,0.05,0.4
8f2ae10e,-22.815865771228346,-18.022643991792478,-5.963566608649863,1.5749845298553329,33,1.3,0.1,4.0,2.0,5.0,0.5,0.04,0.3,3,0.05,0.8
725a2041,-21.9538999188826,-17.952646701672293,-5.940350135925969,2.2696075676438197,33,1.3,0.1,4.0,2.0,5.0,0.5,0.04,0.3,3,0.05,0.6
21da63df,-21.773997630813028,-17.61035132632365,-5.7796625907565735,2.0219288137147253,31,1.3,0.1,4.0,2.0,5.0,0.5,0.04,0.3,3,0.05,1.0
6486b2f0,-16.49340203684187,-15.180568182784185,-2.7339357059910663,2.0097099599310946,13,1.3,0.1,4.0,2.0,5.0,0.5,0.04,0.3,3,0.1,0.6
379bf6aa,-14.966446545475264,-15.030472356361294,-0.9312914426656245,2.257997636284684,4,1.3,0.1,4.0,2.0,5.0,0.5,0.04,0.3,3,0.2,0.6
92df44a8,-17.036485907909082,-15.571097735412149,-2.595611722421046,1.7546591876905586,13,1.3,0.1,4.0,2.0,5.0,0.5,0.04,0.3,3,0.1,0.4
4d2e0d3d,-17.41525037311476,-15.919106656937814,-2.883540454297105,2.0594933400392064,15,1.3,0.1,4.0,2.0,5.0,0.5,0.04,0.3,3,0.1,1.0
d5c032b7,-15.219374485359367,-15.192342702553661,-0.8658857979945748,2.0249439181253783,2,1.3,0.1,4.0,2.0,5.0,0.5,0.04,0.3,3,0.2,0.8
41a13ac3,-15.364497228187247,-15.324186140058174,-0.7797327793919652,2.2098504963287624,3,1.3,0.1,4.0,2.0,5.0,0.5,0.04,0.3,3,0.2,1.0
58cc2f68,-15.035007919175769,-14.940052637988213,-0.6030827368922447,1.671501325398629,3,1.3,0.1,4.0,2.0,5.0,0.5,0.04,0.3,3,0.2,0.4
257b2a68,-16.77269144460115,-15.54587748706654,-2.8168313903452455,2.22145732868378,12,1.3,0.1,4.0,2.0,5.0,0.5,0.04,0.3,3,0.1,0.8
